Nombre;GDPR IP;País
Participante 1;170.82.191.157;Chile
Participante 2;186.154.124.90;Colombia
Participante 3;186.158.132.184;Argentina
Participante 4;201.227.20.124;Panama
Participante 5;201.227.20.124;Panama
Participante 6;186.46.239.34;Ecuador
Participante 7;177.225.157.5;Mexico
Participante 8;201.242.232.25;Venezuela
Participante 9;79.159.207.159;Spain
Participante 10;189.194.63.116;Mexico
Participante 11;186.77.196.39;Nicaragua
Participante 12;190.219.103.42;Panama
Participante 13;201.143.197.111;Mexico
Participante 14;190.233.29.17;Peru
Participante 15;190.218.12.199;Panama
Participante 16;186.72.251.215;Panama
Participante 17;190.218.250.176;Panama
Participante 18;186.72.53.235;Panama
Participante 19;201.232.214.83;Colombia
Participante 20;190.141.133.146;Panama
Participante 21;186.28.20.9;Colombia
Participante 22;190.212.137.114;Nicaragua
Participante 23;83.54.21.91;Spain
Participante 24;181.214.159.196;Panama
Participante 25;181.197.146.105;Panama
Participante 26;181.114.108.61;Bolivia
Participante 27;181.51.34.192;Colombia
Participante 28;186.5.141.130;Panama
Participante 29;200.87.211.201;Bolivia
Participante 30;201.240.25.193;Peru
Participante 31;201.227.226.137;Panama
Participante 32;190.218.177.154;Panama
Participante 33;181.197.184.207;Panama
Participante 34;179.6.201.107;Peru
Participante 35;186.72.48.91;Panama
Participante 36;186.77.204.214;Nicaragua
Participante 37;190.141.249.53;Panama
Participante 38;190.239.68.149;Peru
Participante 39;189.217.24.187;Mexico
Participante 40;181.60.215.50;Colombia
Participante 41;186.83.184.151;Colombia
Participante 42;190.237.35.161;Peru
Participante 43;186.122.16.240;Argentina
Participante 44;186.75.6.237;Panama
Participante 45;186.5.31.51;Ecuador
Participante 46;152.231.33.49;Nicaragua
Participante 47;188.26.214.220;Spain
Participante 48;190.141.224.222;Panama
Participante 49;181.36.195.67;Dominican Republic
Participante 50;190.102.58.162;Panama
Participante 51;177.225.143.53;Mexico
Participante 52;190.57.47.93;Panama
Participante 53;181.67.168.5;Peru
Participante 54;181.197.0.68;Panama
Participante 55;190.33.236.37;Panama
Participante 56;187.190.29.75;Mexico
Participante 57;186.84.91.108;Colombia
Participante 58;181.65.0.147;Peru
Participante 59;181.163.84.127;Chile
Participante 60;200.108.58.47;Panama
Participante 61;179.51.3.199;El Salvador
Participante 62;200.46.90.194;Panama
Participante 63;190.5.252.62;Panama
Participante 64;191.95.59.244;Colombia
Participante 65;190.141.177.171;Panama
Participante 66;201.131.45.124;Bolivia
Participante 67;186.77.134.234;Nicaragua
Participante 68;185.255.105.40;Spain
Participante 69;190.34.232.144;Panama
Participante 70;181.226.87.171;Chile
Participante 71;193.36.224.32;United States
Participante 72;186.72.220.234;Panama
Participante 73;200.46.82.197;Panama
Participante 74;190.141.61.5;Panama
Participante 75;189.217.89.23;Mexico
Participante 76;186.77.196.39;Nicaragua
Participante 77;186.77.134.234;Nicaragua
Participante 78;186.157.64.14;Argentina
Participante 79;186.5.141.130;Panama
Participante 80;190.34.232.144;Panama
Participante 81;187.147.61.143;Mexico
Participante 82;181.143.71.18;Colombia
Participante 83;190.85.111.90;Colombia
Participante 84;190.141.61.5;Panama
Participante 85;181.197.125.152;Panama
Participante 86;190.5.252.62;Panama
Participante 87;190.218.236.190;Panama
Participante 88;190.141.177.171;Panama
Participante 89;181.36.195.251;Dominican Republic
Participante 90;181.188.201.212;Ecuador
Participante 91;181.226.87.171;Chile
Participante 92;186.188.253.17;Panama
Participante 93;51.81.80.128;United States
Participante 94;190.141.5.97;Panama
Participante 95;186.75.6.237;Panama
Participante 96;190.218.156.93;Panama
Participante 97;201.227.226.146;Panama
Participante 98;170.84.135.44;Nicaragua
Participante 99;181.214.159.196;Panama
Participante 100;190.35.78.213;Panama
Participante 101;201.242.174.177;Venezuela
Participante 102;2.138.62.240;Spain
Participante 103;190.237.41.220;Peru
Participante 104;177.247.118.109;Mexico
Participante 105;188.26.214.210;Spain
Participante 106;190.218.194.148;Panama
Participante 107;186.72.220.234;Panama
Participante 108;190.106.4.146;Nicaragua
Participante 109;201.218.207.82;Panama
Participante 110;201.218.207.82;Panama
Participante 111;201.218.207.82;Panama
Participante 112;201.218.207.82;Panama
Participante 113;24.232.90.243;Argentina
Participante 114;201.218.207.82;Panama
Participante 115;201.218.207.82;Panama
Participante 116;190.102.56.188;Panama
Participante 117;201.229.162.167;Dominican Republic
Participante 118;186.188.239.123;Panama
Participante 119;181.197.20.216;Panama
Participante 120;200.46.90.194;Panama
Participante 121;190.113.110.23;Costa Rica
Participante 122;200.46.90.194;Panama
Participante 123;201.218.207.82;Panama
Participante 124;201.218.207.82;Panama
Participante 125;201.218.207.82;Panama
Participante 126;86.0.187.148;United Kingdom
Participante 127;201.218.207.82;Panama
Participante 128;201.218.207.82;Panama
Participante 129;201.218.207.82;Panama
Participante 130;201.218.207.82;Panama
Participante 131;201.218.207.82;Panama
Participante 132;201.218.207.82;Panama
Participante 133;187.143.221.244;Mexico
Participante 134;201.218.207.82;Panama
Participante 135;200.121.254.121;Peru
Participante 136;201.218.207.82;Panama
Participante 137;201.218.207.82;Panama
Participante 138;201.218.207.82;Panama
Participante 139;201.218.207.82;Panama
Participante 140;201.218.207.82;Panama
Participante 141;201.218.207.82;Panama
Participante 142;181.114.108.61;Bolivia
Participante 143;201.218.207.82;Panama
Participante 144;190.141.171.151;Panama
Participante 145;190.143.251.204;Nicaragua
Participante 146;189.133.218.198;Mexico
Participante 147;201.218.207.82;Panama
Participante 148;201.218.207.82;Panama
Participante 149;201.218.207.82;Panama
Participante 150;45.170.224.183;Nicaragua
Participante 151;152.231.34.77;Nicaragua
Participante 152;201.218.207.82;Panama
Participante 153;201.218.207.82;Panama
Participante 154;200.62.99.100;Nicaragua
Participante 155;201.218.207.82;Panama
Participante 156;143.202.253.243;Nicaragua
Participante 157;201.218.207.82;Panama
Participante 158;186.188.153.225;Panama
Participante 159;200.91.27.245;Chile
Participante 160;177.222.52.4;Bolivia
Participante 161;201.218.207.82;Panama
Participante 162;208.96.134.95;United States
Participante 163;186.68.121.140;Ecuador
Participante 164;201.218.207.82;Panama
Participante 165;201.218.207.82;Panama
Participante 166;165.98.74.46;Nicaragua
Participante 167;201.218.207.82;Panama
Participante 168;201.218.207.82;Panama
Participante 169;201.218.207.82;Panama
Participante 170;201.183.106.213;Ecuador
Participante 171;201.218.207.82;Panama
Participante 172;190.218.165.79;Panama
Participante 173;201.218.207.82;Panama
Participante 174;181.115.60.75;Honduras
Participante 175;186.77.134.131;Nicaragua
Participante 176;201.218.207.82;Panama
Participante 177;201.218.207.82;Panama
Participante 178;190.239.78.118;Peru
Participante 179;201.218.207.82;Panama
Participante 180;181.174.116.114;Guatemala
Participante 181;201.218.207.82;Panama
Participante 182;45.228.232.155;Guatemala
Participante 183;201.218.207.82;Panama
Participante 184;95.19.50.212;Spain
Participante 185;201.227.226.141;Panama
Participante 186;186.72.25.154;Panama
Participante 187;201.229.162.106;Dominican Republic
Participante 188;201.17.124.38;Brazil
Participante 189;186.141.226.236;Argentina
Participante 190;186.176.141.102;Costa Rica
Participante 191;201.229.162.58;Dominican Republic
Participante 192;190.219.181.24;Panama
Participante 193;190.141.30.24;Panama
Participante 194;186.188.228.2;Panama
Participante 195;186.188.228.2;Panama
Participante 196;186.188.228.2;Panama
Participante 197;190.33.66.162;Panama
Participante 198;177.225.143.53;Mexico
Participante 199;190.32.77.25;Panama
Participante 200;191.103.83.4;Honduras
Participante 201;189.174.212.88;Mexico
Participante 202;190.56.75.67;Guatemala
Participante 203;190.141.176.104;Panama
Participante 204;186.188.228.2;Panama
Participante 205;186.188.228.2;Panama
Participante 206;186.188.228.2;Panama
Participante 207;181.51.34.192;Colombia
Participante 208;146.158.248.8;Spain
Participante 209;186.188.228.2;Panama
Participante 210;186.188.228.2;Panama
Participante 211;186.188.228.2;Panama
Participante 212;186.188.228.2;Panama
Participante 213;201.194.193.57;Costa Rica
Participante 214;186.188.228.2;Panama
Participante 215;186.188.228.2;Panama
Participante 216;186.188.228.2;Panama
Participante 217;186.188.228.2;Panama
Participante 218;186.188.228.2;Panama
Participante 219;186.188.228.2;Panama
Participante 220;186.188.228.2;Panama
Participante 221;190.102.58.144;Panama
Participante 222;181.113.159.48;Ecuador
Participante 223;186.188.228.2;Panama
Participante 224;201.218.207.82;Panama
Participante 225;186.188.228.2;Panama
Participante 226;186.188.228.2;Panama
Participante 227;179.6.219.13;Peru
Participante 228;181.50.16.95;Colombia
Participante 229;186.188.228.2;Panama
Participante 230;186.188.228.2;Panama
Participante 231;190.141.13.215;Panama
Participante 232;87.125.87.108;Spain
Participante 233;186.188.228.2;Panama
Participante 234;186.188.228.2;Panama
Participante 235;186.188.228.2;Panama
Participante 236;186.188.228.2;Panama
Participante 237;186.188.228.2;Panama
Participante 238;186.188.228.2;Panama
Participante 239;167.57.180.142;Uruguay
Participante 240;186.188.228.2;Panama
Participante 241;186.188.228.2;Panama
Participante 242;186.188.228.2;Panama
Participante 243;186.188.228.2;Panama
Participante 244;186.188.228.2;Panama
Participante 245;186.188.228.2;Panama
Participante 246;186.188.228.2;Panama
Participante 247;186.188.228.2;Panama
Participante 248;186.188.228.2;Panama
Participante 249;186.188.228.2;Panama
Participante 250;207.248.101.10;Guatemala
Participante 251;186.188.228.2;Panama
Participante 252;186.188.228.2;Panama
Participante 253;186.188.228.2;Panama
Participante 254;201.218.207.82;Panama
Participante 255;186.188.228.2;Panama
Participante 256;186.188.228.2;Panama
Participante 257;186.188.228.2;Panama
Participante 258;186.188.228.2;Panama
Participante 259;186.188.228.2;Panama
Participante 260;186.188.228.2;Panama
Participante 261;186.188.228.2;Panama
Participante 262;207.248.101.10;Guatemala
Participante 263;186.188.228.2;Panama
Participante 264;186.188.228.2;Panama
Participante 265;186.188.228.2;Panama
Participante 266;186.188.228.2;Panama
Participante 267;186.188.228.2;Panama
Participante 268;186.188.228.2;Panama
Participante 269;186.188.228.2;Panama
Participante 270;186.188.228.2;Panama
Participante 271;186.188.228.2;Panama
Participante 272;186.188.228.2;Panama
Participante 273;186.188.228.2;Panama
Participante 274;186.188.228.2;Panama
Participante 275;186.188.228.2;Panama
Participante 276;186.188.228.2;Panama
Participante 277;207.248.101.10;Guatemala
Participante 278;186.188.228.2;Panama
Participante 279;186.188.228.2;Panama
Participante 280;186.188.228.2;Panama
Participante 281;186.188.228.2;Panama
Participante 282;186.188.228.2;Panama
Participante 283;186.188.228.2;Panama
Participante 284;186.188.228.2;Panama
Participante 285;190.219.128.194;Panama
Participante 286;186.188.228.2;Panama
Participante 287;190.34.190.189;Panama
Participante 288;186.188.228.2;Panama
Participante 289;186.188.228.2;Panama
Participante 290;186.188.228.2;Panama
Participante 291;190.218.12.199;Panama
Participante 292;186.188.228.2;Panama
Participante 293;186.188.228.2;Panama
Participante 294;186.188.228.2;Panama
Participante 295;201.227.54.82;Panama
Participante 296;201.211.130.10;Venezuela
Participante 297;186.188.228.2;Panama
Participante 298;186.188.228.2;Panama
Participante 299;186.188.228.2;Panama
Participante 300;186.188.228.2;Panama
Participante 301;186.188.228.2;Panama
Participante 302;186.188.228.2;Panama
Participante 303;186.188.228.2;Panama
Participante 304;190.218.92.241;Panama
Participante 305;186.188.228.2;Panama
Participante 306;186.188.228.2;Panama
Participante 307;186.188.228.2;Panama
Participante 308;186.188.228.2;Panama
Participante 309;186.188.228.2;Panama
Participante 310;186.188.228.2;Panama
Participante 311;201.218.207.82;Panama
Participante 312;186.188.228.2;Panama
Participante 313;181.138.63.142;Colombia
Participante 314;186.188.228.2;Panama
Participante 315;186.188.228.2;Panama
Participante 316;186.188.228.2;Panama
Participante 317;190.218.250.176;Panama
Participante 318;186.188.228.2;Panama
Participante 319;186.188.228.2;Panama
Participante 320;79.159.207.159;Spain
Participante 321;186.188.228.2;Panama
Participante 322;186.73.237.117;Panama
Participante 323;181.66.102.180;Peru
Participante 324;186.188.228.2;Panama
Participante 325;186.188.228.2;Panama
Participante 326;190.141.127.67;Panama
Participante 327;186.72.122.64;Panama
Participante 328;190.141.23.1;Panama
Participante 329;186.188.228.2;Panama
Participante 330;190.218.18.189;Panama
Participante 331;186.188.228.2;Panama
Participante 332;186.188.228.2;Panama
Participante 333;186.188.228.2;Panama
Participante 334;186.188.228.2;Panama
Participante 335;190.141.3.221;Panama
Participante 336;186.188.228.2;Panama
Participante 337;186.188.228.2;Panama
Participante 338;190.141.133.146;Panama
Participante 339;186.188.228.2;Panama
Participante 340;186.188.228.2;Panama
Participante 341;181.197.0.68;Panama
Participante 342;186.188.228.2;Panama
Participante 343;186.188.228.2;Panama
Participante 344;181.199.157.175;Argentina
Participante 345;186.188.228.2;Panama
Participante 346;186.188.228.2;Panama
Participante 347;200.105.206.93;Bolivia
Participante 348;186.188.228.2;Panama
Participante 349;201.218.207.82;Panama
Participante 350;186.188.228.2;Panama
Participante 351;186.188.228.2;Panama
Participante 352;200.105.166.13;Bolivia
Participante 353;200.105.215.194;Bolivia
Participante 354;186.188.228.2;Panama
Participante 355;186.188.228.2;Panama
Participante 356;186.188.228.2;Panama
Participante 357;186.188.228.2;Panama
Participante 358;186.188.228.2;Panama
Participante 359;181.197.125.152;Panama
Participante 360;186.188.228.2;Panama
Participante 361;186.188.228.2;Panama
Participante 362;186.188.228.2;Panama
Participante 363;186.188.228.2;Panama
Participante 364;186.188.228.2;Panama
Participante 365;190.57.42.235;Panama
Participante 366;186.188.228.2;Panama
Participante 367;186.188.228.2;Panama
Participante 368;186.188.228.2;Panama
Participante 369;186.188.228.2;Panama
Participante 370;186.188.228.2;Panama
Participante 371;181.30.18.3;Argentina
Participante 372;200.10.144.2;Panama
Participante 373;186.188.228.2;Panama
Participante 374;186.188.228.2;Panama
Participante 375;186.188.228.2;Panama
Participante 376;186.188.228.2;Panama
Participante 377;186.188.228.2;Panama
Participante 378;181.43.225.143;Chile
Participante 379;186.188.228.2;Panama
Participante 380;181.115.167.91;Bolivia
Participante 381;186.188.228.2;Panama
Participante 382;186.188.228.2;Panama
Participante 383;181.197.100.235;Panama
Participante 384;186.188.228.2;Panama
Participante 385;186.188.228.2;Panama
Participante 386;186.188.228.2;Panama
Participante 387;201.227.226.137;Panama
Participante 388;186.188.228.2;Panama
Participante 389;186.188.228.2;Panama
Participante 390;186.188.228.2;Panama
Participante 391;186.188.228.2;Panama
Participante 392;186.188.228.2;Panama
Participante 393;186.188.228.2;Panama
Participante 394;186.188.228.2;Panama
Participante 395;186.188.228.2;Panama
Participante 396;186.188.228.2;Panama
Participante 397;186.188.228.2;Panama
Participante 398;186.77.134.132;Nicaragua
Participante 399;186.188.228.2;Panama
Participante 400;190.102.58.162;Panama
Participante 401;186.188.228.2;Panama
Participante 402;201.218.207.82;Panama
Participante 403;186.151.158.151;Guatemala
Participante 404;186.188.228.2;Panama
Participante 405;186.188.228.2;Panama
Participante 406;201.221.243.197;Panama
Participante 407;186.188.228.2;Panama
Participante 408;186.188.228.2;Panama
Participante 409;186.75.115.100;Panama
Participante 410;186.188.228.2;Panama
Participante 411;185.209.178.80;United States
Participante 412;186.188.228.2;Panama
Participante 413;190.219.167.135;Panama
Participante 414;186.188.228.2;Panama
Participante 415;200.46.222.76;Panama
Participante 416;186.188.228.2;Panama
Participante 417;186.188.228.2;Panama
Participante 418;189.84.96.218;El Salvador
Participante 419;181.197.11.138;Panama
Participante 420;186.188.228.2;Panama
Participante 421;181.179.29.107;Panama
Participante 422;186.188.228.2;Panama
Participante 423;186.77.205.142;Nicaragua
Participante 424;190.57.45.75;Panama
Participante 425;186.188.228.2;Panama
Participante 426;136.226.1.34;Mexico
Participante 427;201.227.103.195;Panama
Participante 428;200.46.52.18;Panama
Participante 429;186.188.228.2;Panama
Participante 430;186.188.228.2;Panama
Participante 431;186.188.228.2;Panama
Participante 432;186.72.18.179;Panama
Participante 433;148.0.168.176;Dominican Republic
Participante 434;186.188.228.2;Panama
Participante 435;34.207.151.43;United States
Participante 436;190.140.114.46;Panama
Participante 437;186.77.134.121;Nicaragua
Participante 438;186.188.228.2;Panama
Participante 439;170.253.16.33;Spain
Participante 440;186.188.228.2;Panama
Participante 441;186.188.228.2;Panama
Participante 442;186.188.228.2;Panama
Participante 443;186.73.141.210;Panama
Participante 444;190.16.159.242;Argentina
Participante 445;186.188.228.2;Panama
Participante 446;181.197.9.125;Panama
Participante 447;181.209.195.190;Guatemala
Participante 448;186.188.228.2;Panama
Participante 449;186.188.228.2;Panama
Participante 450;181.197.1.214;Panama
Participante 451;186.188.228.2;Panama
Participante 452;24.232.183.49;Argentina
Participante 453;186.188.228.2;Panama
Participante 454;186.188.228.2;Panama
Participante 455;186.188.228.2;Panama
Participante 456;201.218.117.169;Panama
Participante 457;186.188.228.2;Panama
Participante 458;190.36.126.221;Venezuela
Participante 459;186.74.58.240;Panama
Participante 460;38.87.209.50;Panama
Participante 461;190.218.194.148;Panama
Participante 462;200.108.59.165;Panama
Participante 463;201.218.207.82;Panama
Participante 464;186.188.228.2;Panama
Participante 465;190.219.39.101;Panama
Participante 466;190.57.46.158;Panama
Participante 467;190.219.161.166;Panama
Participante 468;186.188.228.2;Panama
Participante 469;201.218.207.82;Panama
Participante 470;201.227.116.217;Panama
Participante 471;186.188.228.2;Panama
Participante 472;186.188.228.2;Panama
Participante 473;186.188.228.2;Panama
Participante 474;190.140.210.6;Panama
Participante 475;186.188.228.2;Panama
Participante 476;186.188.228.2;Panama
Participante 477;186.188.228.2;Panama
Participante 478;181.197.140.172;Panama
Participante 479;186.188.228.2;Panama
Participante 480;186.188.228.2;Panama
Participante 481;201.218.217.50;Panama
Participante 482;190.57.44.215;Panama
Participante 483;186.188.228.2;Panama
Participante 484;186.72.190.157;Panama
Participante 485;186.188.228.2;Panama
Participante 486;186.188.228.2;Panama
Participante 487;179.53.127.132;Dominican Republic
Participante 488;186.188.228.2;Panama
Participante 489;181.197.48.7;Panama
Participante 490;190.141.21.146;Panama
Participante 491;186.188.228.2;Panama
Participante 492;186.188.228.2;Panama
Participante 493;189.217.73.140;Mexico
Participante 494;186.188.228.2;Panama
Participante 495;189.217.89.23;Mexico
Participante 496;186.188.228.2;Panama
Participante 497;186.188.228.2;Panama
Participante 498;177.225.157.5;Mexico
Participante 499;201.174.147.190;Mexico
Participante 500;186.188.228.2;Panama
Participante 501;80.102.112.127;Spain
Participante 502;186.188.228.2;Panama
Participante 503;186.73.121.232;Panama
Participante 504;186.188.228.2;Panama
Participante 505;186.188.228.2;Panama
Participante 506;190.219.100.5;Panama
Participante 507;186.188.228.2;Panama
Participante 508;186.188.228.2;Panama
Participante 509;186.188.228.2;Panama
Participante 510;190.217.127.31;Panama
Participante 511;186.188.228.2;Panama
Participante 512;186.188.228.2;Panama
Participante 513;186.5.31.51;Ecuador
Participante 514;186.188.228.2;Panama
Participante 515;186.188.228.2;Panama
Participante 516;190.212.137.114;Nicaragua
Participante 517;186.15.124.155;Costa Rica
Participante 518;186.188.228.2;Panama
Participante 519;186.188.228.2;Panama
Participante 520;186.188.228.2;Panama
Participante 521;186.72.168.11;Panama
Participante 522;186.188.228.2;Panama
Participante 523;200.87.90.51;Bolivia
Participante 524;181.197.152.130;Panama
Participante 525;186.188.228.2;Panama
Participante 526;189.141.128.237;Mexico
Participante 527;186.188.228.2;Panama
Participante 528;186.188.228.2;Panama
Participante 529;190.141.5.163;Panama
Participante 530;186.188.228.2;Panama
Participante 531;186.188.228.2;Panama
Participante 532;190.102.56.211;Panama
Participante 533;186.188.228.2;Panama
Participante 534;190.151.116.170;Chile
Participante 535;186.188.228.2;Panama
Participante 536;190.219.122.169;Panama
Participante 537;186.188.228.2;Panama
Participante 538;186.188.228.2;Panama
Participante 539;181.197.66.161;Panama
Participante 540;190.102.58.167;Panama
Participante 541;181.67.203.86;Peru
Participante 542;186.188.228.2;Panama
Participante 543;186.188.228.2;Panama
Participante 544;186.188.228.2;Panama
Participante 545;51.81.80.128;United States
Participante 546;200.106.114.214;Peru
Participante 547;186.188.228.2;Panama
Participante 548;186.188.228.2;Panama
Participante 549;186.188.228.2;Panama
Participante 550;186.188.228.2;Panama
Participante 551;201.227.226.151;Panama
Participante 552;190.141.249.53;Panama
Participante 553;186.188.228.2;Panama
Participante 554;186.188.228.2;Panama
Participante 555;186.188.228.2;Panama
Participante 556;186.188.228.2;Panama
Participante 557;186.188.228.2;Panama
Participante 558;186.188.228.2;Panama
Participante 559;186.188.228.2;Panama
Participante 560;190.218.30.199;Panama
Participante 561;186.188.228.2;Panama
Participante 562;186.188.228.2;Panama
Participante 563;186.188.228.2;Panama
Participante 564;186.188.228.2;Panama
Participante 565;186.188.228.2;Panama
Participante 566;186.188.228.2;Panama
Participante 567;201.209.89.133;Venezuela
Participante 568;186.188.228.2;Panama
Participante 569;186.188.228.2;Panama
Participante 570;186.188.228.2;Panama
Participante 571;186.29.231.241;Colombia
Participante 572;186.188.228.2;Panama
Participante 573;190.163.89.115;Chile
Participante 574;186.188.228.2;Panama
Participante 575;186.188.228.2;Panama
Participante 576;186.188.228.2;Panama
Participante 577;201.218.86.228;Panama
Participante 578;186.188.228.2;Panama
Participante 579;201.240.196.41;Peru
Participante 580;181.179.28.232;Panama
Participante 581;186.188.228.2;Panama
Participante 582;190.148.209.115;Guatemala
Participante 583;186.73.183.55;Panama
Participante 584;186.188.228.2;Panama
Participante 585;186.188.228.2;Panama
Participante 586;168.77.212.2;Panama
Participante 587;186.188.228.2;Panama
Participante 588;186.46.239.34;Ecuador
Participante 589;186.188.228.2;Panama
Participante 590;186.188.228.2;Panama
Participante 591;186.188.228.2;Panama
Participante 592;186.188.228.2;Panama
Participante 593;190.219.51.180;Panama
Participante 594;186.188.228.2;Panama
Participante 595;179.6.220.48;Peru
Participante 596;181.67.87.136;Peru
Participante 597;200.84.63.66;Venezuela
Participante 598;186.188.228.2;Panama
Participante 599;186.188.236.147;Panama
Participante 600;186.72.108.214;Panama
Participante 601;201.191.198.161;Costa Rica
Participante 602;186.188.228.2;Panama
Participante 603;190.159.124.215;Colombia
Participante 604;186.188.228.2;Panama
Participante 605;186.188.228.2;Panama
Participante 606;186.188.228.2;Panama
Participante 607;186.188.228.2;Panama
Participante 608;186.188.228.2;Panama
Participante 609;186.188.228.2;Panama
Participante 610;186.188.228.2;Panama
Participante 611;157.100.87.44;Ecuador
Participante 612;186.188.228.2;Panama
Participante 613;2.136.36.205;Spain
Participante 614;186.188.228.2;Panama
Participante 615;179.51.3.199;El Salvador
Participante 616;138.117.7.4;Nicaragua
Participante 617;186.188.228.2;Panama
Participante 618;186.155.25.147;Colombia
Participante 619;190.219.222.217;Panama
Participante 620;186.188.228.2;Panama
Participante 621;190.34.190.186;Panama
Participante 622;186.155.13.222;Colombia
Participante 623;181.89.55.129;Argentina
Participante 624;190.140.156.195;Panama
Participante 625;165.98.36.13;Nicaragua
Participante 626;201.218.224.5;Panama
Participante 627;186.188.228.2;Panama
Participante 628;186.188.228.2;Panama
Participante 629;186.188.228.2;Panama
Participante 630;186.188.228.2;Panama
Participante 631;186.188.228.2;Panama
Participante 632;186.188.228.2;Panama
Participante 633;186.188.228.2;Panama
Participante 634;186.188.228.2;Panama
Participante 635;186.188.228.2;Panama
Participante 636;186.119.250.43;Colombia
Participante 637;181.236.162.138;Colombia
Participante 638;148.255.34.166;Dominican Republic
Participante 639;186.188.228.2;Panama
Participante 640;190.148.53.16;Guatemala
Participante 641;186.188.228.2;Panama
Participante 642;186.188.228.2;Panama
Participante 643;186.188.228.2;Panama
Participante 644;186.188.228.2;Panama
Participante 645;186.84.89.140;Colombia
Participante 646;190.246.58.134;Argentina
Participante 647;186.188.228.2;Panama
Participante 648;186.188.228.2;Panama
Participante 649;186.188.228.2;Panama
Participante 650;186.188.228.2;Panama
Participante 651;186.188.228.2;Panama
Participante 652;186.188.228.2;Panama
Participante 653;186.188.228.2;Panama
Participante 654;186.188.228.2;Panama
Participante 655;186.188.228.2;Panama
Participante 656;201.226.204.148;Panama
Participante 657;186.188.228.2;Panama
Participante 658;186.188.228.2;Panama
Participante 659;186.188.228.2;Panama
Participante 660;186.188.228.2;Panama
Participante 661;186.188.228.2;Panama
Participante 662;186.188.228.2;Panama
Participante 663;186.188.228.2;Panama
Participante 664;186.188.228.2;Panama
Participante 665;190.140.115.209;Panama
Participante 666;186.188.228.2;Panama
Participante 667;181.179.27.255;Panama
Participante 668;186.188.228.2;Panama
Participante 669;190.141.198.77;Panama
Participante 670;186.188.228.2;Panama
Participante 671;186.188.228.2;Panama
Participante 672;157.100.87.199;Ecuador
Participante 673;190.141.224.222;Panama
Participante 674;186.188.228.2;Panama
Participante 675;186.188.228.2;Panama
Participante 676;186.188.228.2;Panama
Participante 677;186.188.228.2;Panama
Participante 678;186.188.228.2;Panama
Participante 679;181.174.107.43;Guatemala
Participante 680;186.188.228.2;Panama
Participante 681;186.188.228.2;Panama
Participante 682;186.188.228.2;Panama
Participante 683;190.219.11.241;Panama
Participante 684;186.188.228.2;Panama
Participante 685;186.188.228.2;Panama
Participante 686;186.188.228.2;Panama
Participante 687;2.138.62.240;Spain
Participante 688;190.141.195.103;Panama
Participante 689;186.188.228.2;Panama
Participante 690;186.188.228.2;Panama
Participante 691;186.188.228.2;Panama
Participante 692;186.188.228.2;Panama
Participante 693;186.188.228.2;Panama
Participante 694;186.188.228.2;Panama
Participante 695;181.197.124.46;Panama
Participante 696;190.102.58.74;Panama
Participante 697;190.140.22.24;Panama
Participante 698;186.188.228.2;Panama
Participante 699;181.197.133.96;Panama
Participante 700;186.188.228.2;Panama
Participante 701;186.188.228.2;Panama
Participante 702;186.188.228.2;Panama
Participante 703;186.188.228.2;Panama
Participante 704;186.188.228.2;Panama
Participante 705;181.164.155.144;Argentina
Participante 706;186.188.228.2;Panama
Participante 707;186.188.228.2;Panama
Participante 708;186.188.228.2;Panama
Participante 709;190.219.228.173;Panama
Participante 710;200.46.81.100;Panama
Participante 711;186.188.228.2;Panama
Participante 712;186.188.228.2;Panama
Participante 713;186.188.228.2;Panama
Participante 714;190.34.62.190;Panama
Participante 715;186.188.228.2;Panama
Participante 716;186.188.192.24;Panama
Participante 717;186.188.228.2;Panama
Participante 718;200.108.58.121;Panama
Participante 719;190.140.114.172;Panama
Participante 720;186.188.228.2;Panama
Participante 721;186.188.228.2;Panama
Participante 722;186.188.228.2;Panama
Participante 723;186.188.228.2;Panama
Participante 724;186.188.228.2;Panama
Participante 725;186.188.228.2;Panama
Participante 726;186.188.228.2;Panama
Participante 727;201.227.226.146;Panama
Participante 728;186.188.228.2;Panama
Participante 729;186.15.65.169;Costa Rica
Participante 730;186.188.228.2;Panama
Participante 731;186.188.228.2;Panama
Participante 732;186.188.228.2;Panama
Participante 733;186.188.228.2;Panama
Participante 734;186.188.228.2;Panama
Participante 735;186.188.228.2;Panama
Participante 736;186.188.228.2;Panama
Participante 737;186.188.228.2;Panama
Participante 738;157.167.16.180;Panama
Participante 739;186.188.228.2;Panama
Participante 740;186.188.228.2;Panama
Participante 741;186.188.228.2;Panama
Participante 742;186.188.228.2;Panama
Participante 743;181.179.31.181;Panama
Participante 744;201.218.207.82;Panama
Participante 745;201.227.225.135;Panama
Participante 746;186.188.137.15;Panama
Participante 747;187.189.106.16;Mexico
Participante 748;201.218.207.82;Panama
Participante 749;201.218.207.82;Panama
Participante 750;201.218.207.82;Panama
Participante 751;201.218.207.82;Panama
Participante 752;201.218.207.82;Panama
Participante 753;201.218.207.82;Panama
Participante 754;190.119.163.66;Peru
Participante 755;190.57.46.214;Panama
Participante 756;201.218.207.82;Panama
Participante 757;201.218.207.82;Panama
Participante 758;201.218.207.82;Panama
Participante 759;201.218.207.82;Panama
Participante 760;201.218.207.82;Panama
Participante 761;201.218.207.82;Panama
Participante 762;190.57.44.183;Panama
Participante 763;186.158.132.184;Argentina
Participante 764;201.218.207.82;Panama
Participante 765;201.218.207.82;Panama
Participante 766;201.218.207.82;Panama
Participante 767;201.218.207.82;Panama
Participante 768;201.218.207.82;Panama
Participante 769;201.218.207.82;Panama
Participante 770;200.46.48.250;Panama
Participante 771;187.189.240.205;Mexico
Participante 772;190.218.105.234;Panama
Participante 773;186.188.228.2;Panama
Participante 774;186.188.228.2;Panama
Participante 775;190.219.19.84;Panama
Participante 776;190.57.47.93;Panama
Participante 777;186.188.228.2;Panama
Participante 778;190.233.29.17;Peru
Participante 779;190.215.30.95;Chile
Participante 780;186.188.228.2;Panama
Participante 781;186.188.228.2;Panama
Participante 782;170.82.191.157;Chile
Participante 783;190.35.28.62;Panama
Participante 784;190.218.119.211;Panama
Participante 785;190.43.56.36;Peru
Participante 786;186.188.228.2;Panama
Participante 787;186.177.125.138;Costa Rica
Participante 788;186.188.228.2;Panama
Participante 789;186.188.228.2;Panama
Participante 790;190.35.57.253;Panama
Participante 791;186.188.228.2;Panama
Participante 792;186.188.228.2;Panama
Participante 793;186.77.196.198;Nicaragua
Participante 794;186.188.228.2;Panama
Participante 795;186.188.228.2;Panama
Participante 796;186.69.68.27;Ecuador
Participante 797;186.188.228.2;Panama
Participante 798;186.188.228.2;Panama
Participante 799;179.51.123.195;Colombia
Participante 800;186.188.228.2;Panama
Participante 801;181.60.215.50;Colombia
Participante 802;201.232.214.83;Colombia
Participante 803;181.189.209.32;Argentina
Participante 804;186.188.228.2;Panama
Participante 805;190.218.134.181;Panama
Participante 806;181.197.54.38;Panama
Participante 807;186.188.228.2;Panama
Participante 808;190.35.253.218;Panama
Participante 809;178.237.231.5;Spain
Participante 810;186.188.228.2;Panama
Participante 811;186.188.228.2;Panama
Participante 812;181.188.201.176;Ecuador
Participante 813;186.188.228.2;Panama
Participante 814;186.188.228.2;Panama
Participante 815;186.188.228.2;Panama
Participante 816;186.188.228.2;Panama
Participante 817;186.188.228.2;Panama
Participante 818;201.198.177.166;Costa Rica
Participante 819;186.188.228.2;Panama
Participante 820;201.218.207.82;Panama
Participante 821;186.188.228.2;Panama
Participante 822;190.140.131.56;Panama
Participante 823;186.188.228.2;Panama
Participante 824;186.188.228.2;Panama
Participante 825;186.188.228.2;Panama
Participante 826;186.188.228.2;Panama
Participante 827;186.188.228.2;Panama
Participante 828;186.188.228.2;Panama
Participante 829;201.148.81.204;Mexico
Participante 830;186.188.228.2;Panama
Participante 831;186.188.228.2;Panama
Participante 832;186.188.228.2;Panama
Participante 833;200.87.211.201;Bolivia
Participante 834;186.188.228.2;Panama
Participante 835;186.188.228.2;Panama
Participante 836;186.188.228.2;Panama
Participante 837;186.188.228.2;Panama
Participante 838;77.111.246.39;United States
Participante 839;186.188.228.2;Panama
Participante 840;45.189.118.110;Peru
Participante 841;186.188.228.2;Panama
Participante 842;186.188.228.2;Panama
Participante 843;170.82.191.151;Chile
Participante 844;186.188.228.2;Panama
Participante 845;186.188.228.2;Panama
Participante 846;186.188.228.2;Panama
Participante 847;186.188.228.2;Panama
Participante 848;186.188.228.2;Panama
Participante 849;186.188.228.2;Panama
Participante 850;186.188.228.2;Panama
Participante 851;186.188.228.2;Panama
Participante 852;186.188.228.2;Panama
Participante 853;186.188.228.2;Panama
Participante 854;186.155.105.139;Colombia
Participante 855;186.188.228.2;Panama
Participante 856;186.188.228.2;Panama
Participante 857;190.57.39.26;Panama
Participante 858;190.150.194.73;El Salvador
Participante 859;190.140.131.86;Panama
Participante 860;190.5.225.212;Panama
Participante 861;186.188.228.2;Panama
Participante 862;206.132.224.36;Panama
Participante 863;190.195.237.40;Argentina
Participante 864;186.188.228.2;Panama
Participante 865;181.179.32.233;Panama
Participante 866;186.188.228.2;Panama
Participante 867;186.188.228.2;Panama
Participante 868;186.188.228.2;Panama
Participante 869;186.188.228.2;Panama
Participante 870;186.188.228.2;Panama
Participante 871;186.188.228.2;Panama
Participante 872;191.96.67.36;United States
Participante 873;200.116.135.246;Colombia
Participante 874;186.188.228.2;Panama
Participante 875;186.188.228.2;Panama
Participante 876;186.188.228.2;Panama
Participante 877;190.16.183.10;Argentina
Participante 878;186.188.228.2;Panama
Participante 879;186.188.228.2;Panama
Participante 880;186.188.228.2;Panama
Participante 881;186.188.228.2;Panama
Participante 882;181.113.154.105;Ecuador
Participante 883;186.188.228.2;Panama
Participante 884;186.188.228.2;Panama
Participante 885;179.28.210.237;Uruguay
Participante 886;186.188.228.2;Panama
Participante 887;186.188.228.2;Panama
Participante 888;201.218.207.82;Panama
Participante 889;186.85.182.242;Colombia
Participante 890;186.188.228.2;Panama
Participante 891;186.188.228.2;Panama
Participante 892;186.188.228.2;Panama
Participante 893;186.188.228.2;Panama
Participante 894;186.188.228.2;Panama
Participante 895;189.217.24.187;Mexico
Participante 896;191.95.59.244;Colombia
Participante 897;200.74.66.49;Chile
Participante 898;181.176.118.205;Peru
Participante 899;186.188.228.2;Panama
Participante 900;186.188.228.2;Panama
Participante 901;181.163.84.127;Chile
Participante 902;186.188.228.2;Panama
Participante 903;186.136.228.185;Argentina
Participante 904;186.188.228.2;Panama
Participante 905;181.74.23.133;Chile
Participante 906;186.188.228.2;Panama
Participante 907;186.188.228.2;Panama
Participante 908;186.188.228.2;Panama
Participante 909;193.36.224.32;United States
Participante 910;186.188.228.2;Panama
Participante 911;186.188.228.2;Panama
Participante 912;201.219.233.103;Chile
Participante 913;186.188.228.2;Panama
Participante 914;186.188.228.2;Panama
Participante 915;186.188.228.2;Panama
Participante 916;186.188.228.2;Panama
Participante 917;201.119.65.220;Mexico
Participante 918;201.230.96.54;Peru
Participante 919;181.94.229.86;Paraguay
Participante 920;186.188.228.2;Panama
Participante 921;95.223.75.72;Germany
Participante 922;186.188.228.2;Panama
Participante 923;190.219.229.124;Panama
Participante 924;186.188.228.2;Panama
Participante 925;186.188.228.2;Panama
Participante 926;186.188.228.2;Panama
Participante 927;186.188.228.2;Panama
Participante 928;186.188.228.2;Panama
Participante 929;186.188.228.2;Panama
Participante 930;186.188.228.2;Panama
Participante 931;186.188.228.2;Panama
Participante 932;152.231.33.49;Nicaragua
Participante 933;186.188.228.2;Panama
Participante 934;186.188.228.2;Panama
Participante 935;179.6.209.194;Peru
Participante 936;189.203.175.205;Mexico
Participante 937;190.32.206.10;Panama
Participante 938;181.197.41.30;Panama
Participante 939;88.10.209.187;Spain
Participante 940;186.188.228.2;Panama
Participante 941;186.188.228.2;Panama
Participante 942;186.188.228.2;Panama
Participante 943;201.218.119.210;Panama
Participante 944;186.188.228.2;Panama
Participante 945;186.188.228.2;Panama
Participante 946;189.216.95.24;Mexico
Participante 947;179.7.194.31;Peru
Participante 948;186.188.228.2;Panama
Participante 949;186.188.228.2;Panama
Participante 950;186.188.228.2;Panama
Participante 951;186.188.228.2;Panama
Participante 952;186.188.228.2;Panama
Participante 953;186.188.228.2;Panama
Participante 954;190.186.89.101;Bolivia
Participante 955;186.188.228.2;Panama
Participante 956;186.188.228.2;Panama
Participante 957;186.188.228.2;Panama
Participante 958;186.188.228.2;Panama
Participante 959;186.188.228.2;Panama
Participante 960;181.141.65.144;Colombia
Participante 961;186.188.228.2;Panama
Participante 962;201.227.226.137;Panama
Participante 963;186.188.228.2;Panama
Participante 964;186.188.228.2;Panama
Participante 965;186.188.228.2;Panama
Participante 966;186.188.228.2;Panama
Participante 967;181.230.111.232;Argentina
Participante 968;188.26.214.210;Spain
Participante 969;179.63.196.68;Panama
Participante 970;186.188.228.2;Panama
Participante 971;200.46.87.66;Panama
Participante 972;190.35.87.52;Panama
Participante 973;186.188.191.184;Panama
Participante 974;186.188.228.2;Panama
Participante 975;186.188.228.2;Panama
Participante 976;186.188.228.2;Panama
Participante 977;181.197.110.79;Panama
Participante 978;186.188.228.2;Panama
Participante 979;190.34.119.80;Panama
Participante 980;179.53.33.232;Dominican Republic
Participante 981;186.188.228.2;Panama
Participante 982;181.179.31.80;Panama
Participante 983;46.251.183.117;Spain
Participante 984;186.188.228.2;Panama
Participante 985;186.188.228.2;Panama
Participante 986;186.188.228.2;Panama
Participante 987;177.254.163.208;Colombia
Participante 988;186.84.91.108;Colombia
Participante 989;186.188.228.2;Panama
Participante 990;45.144.227.9;Taiwan
Participante 991;186.188.228.2;Panama
Participante 992;186.188.228.2;Panama
Participante 993;189.183.112.132;Mexico
Participante 994;186.188.153.197;Panama
Participante 995;181.197.127.186;Panama
Participante 996;186.188.228.2;Panama
Participante 997;190.218.2.26;Panama
Participante 998;186.12.60.148;Argentina
Participante 999;186.188.228.2;Panama
Participante 1000;186.188.228.2;Panama
Participante 1001;190.14.32.12;Argentina
Participante 1002;190.219.131.98;Panama
Participante 1003;186.188.228.2;Panama
Participante 1004;186.188.228.2;Panama
Participante 1005;186.188.228.2;Panama
Participante 1006;186.188.228.2;Panama
Participante 1007;186.141.199.188;Argentina
Participante 1008;186.188.228.2;Panama
Participante 1009;186.188.228.2;Panama
Participante 1010;186.188.228.2;Panama
Participante 1011;186.188.228.2;Panama
Participante 1012;200.85.80.53;Ecuador
Participante 1013;186.111.128.30;Argentina
Participante 1014;186.188.228.2;Panama
Participante 1015;186.188.228.2;Panama
Participante 1016;186.188.228.2;Panama
Participante 1017;186.188.228.2;Panama
Participante 1018;201.227.147.210;Panama
Participante 1019;186.188.228.2;Panama
Participante 1020;190.218.51.226;Panama
Participante 1021;190.141.106.73;Panama
Participante 1022;201.227.158.101;Panama
Participante 1023;190.92.33.32;Honduras
Participante 1024;186.188.228.2;Panama
Participante 1025;186.188.228.2;Panama
Participante 1026;186.188.228.2;Panama
Participante 1027;186.188.228.2;Panama
Participante 1028;45.5.69.240;Peru
Participante 1029;190.113.210.182;Peru
Participante 1030;190.218.170.98;Panama
Participante 1031;186.188.228.2;Panama
Participante 1032;186.188.228.2;Panama
Participante 1033;186.188.228.2;Panama
Participante 1034;186.188.228.2;Panama
Participante 1035;186.188.228.2;Panama
Participante 1036;186.188.228.2;Panama
Participante 1037;190.148.209.85;Guatemala
Participante 1038;186.188.228.2;Panama
Participante 1039;186.188.228.2;Panama
Participante 1040;186.188.228.2;Panama
Participante 1041;186.188.228.2;Panama
Participante 1042;186.188.228.2;Panama
Participante 1043;186.188.228.2;Panama
Participante 1044;186.188.228.2;Panama
Participante 1045;186.188.228.2;Panama
Participante 1046;186.188.228.2;Panama
Participante 1047;186.188.228.2;Panama
Participante 1048;186.188.228.2;Panama
Participante 1049;186.188.228.2;Panama
Participante 1050;186.188.228.2;Panama
Participante 1051;186.188.228.2;Panama
Participante 1052;186.188.228.2;Panama
Participante 1053;186.188.228.2;Panama
Participante 1054;186.72.245.178;Panama
Participante 1055;186.188.228.2;Panama
Participante 1056;186.188.228.2;Panama
Participante 1057;186.188.228.2;Panama
Participante 1058;190.237.2.137;Peru
Participante 1059;186.188.228.2;Panama
Participante 1060;186.188.228.2;Panama
Participante 1061;186.188.228.2;Panama
Participante 1062;186.188.228.2;Panama
Participante 1063;186.188.228.2;Panama
Participante 1064;186.188.228.2;Panama
Participante 1065;186.72.19.198;Panama
Participante 1066;186.188.228.2;Panama
Participante 1067;186.188.228.2;Panama
Participante 1068;186.188.228.2;Panama
Participante 1069;181.65.36.121;Peru
Participante 1070;186.188.228.2;Panama
Participante 1071;186.188.228.2;Panama
Participante 1072;187.170.161.13;Mexico
Participante 1073;181.179.30.73;Panama
Participante 1074;181.199.61.238;Ecuador
Participante 1075;190.102.56.140;Panama
Participante 1076;186.141.136.250;Argentina
Participante 1077;186.188.228.2;Panama
Participante 1078;170.254.50.24;Panama
Participante 1079;186.188.228.2;Panama
Participante 1080;190.218.31.9;Panama
Participante 1081;190.33.236.37;Panama
Participante 1082;186.188.228.2;Panama
Participante 1083;186.188.228.2;Panama
Participante 1084;186.188.228.2;Panama
Participante 1085;190.106.86.225;Argentina
Participante 1086;152.156.211.180;Uruguay
Participante 1087;186.188.228.2;Panama
Participante 1088;200.46.235.241;Panama
Participante 1089;186.188.228.2;Panama
Participante 1090;190.140.3.222;Panama
Participante 1091;186.188.228.2;Panama
Participante 1092;161.69.112.11;United States
Participante 1093;186.188.228.2;Panama
Participante 1094;186.188.228.2;Panama
Participante 1095;186.188.228.2;Panama
Participante 1096;186.188.228.2;Panama
Participante 1097;190.141.224.43;Panama
Participante 1098;186.188.228.2;Panama
Participante 1099;186.188.228.2;Panama
Participante 1100;186.188.228.2;Panama
Participante 1101;186.188.228.2;Panama
Participante 1102;186.188.228.2;Panama
Participante 1103;186.188.228.2;Panama
Participante 1104;186.188.228.2;Panama
Participante 1105;186.188.228.2;Panama
Participante 1106;186.188.142.192;Panama
Participante 1107;186.188.228.2;Panama
Participante 1108;186.188.228.2;Panama
Participante 1109;186.188.228.2;Panama
Participante 1110;186.87.207.41;Colombia
Participante 1111;181.65.0.147;Peru
Participante 1112;186.75.254.29;Panama
Participante 1113;186.188.228.2;Panama
Participante 1114;201.218.203.170;Panama
Participante 1115;181.197.82.215;Panama
Participante 1116;186.188.228.2;Panama
Participante 1117;189.159.34.192;Mexico
Participante 1118;186.188.228.2;Panama
Participante 1119;186.188.228.2;Panama
Participante 1120;186.188.228.2;Panama
Participante 1121;186.188.228.2;Panama
Participante 1122;186.188.228.2;Panama
Participante 1123;186.188.228.2;Panama
Participante 1124;186.188.228.2;Panama
Participante 1125;190.239.68.149;Peru
Participante 1126;186.188.228.2;Panama
Participante 1127;186.188.228.2;Panama
Participante 1128;186.188.228.2;Panama
Participante 1129;186.188.228.2;Panama
Participante 1130;186.188.228.2;Panama
Participante 1131;186.188.228.2;Panama
Participante 1132;190.57.44.1;Panama
Participante 1133;186.188.228.2;Panama
Participante 1134;181.36.149.169;Dominican Republic
Participante 1135;186.188.228.2;Panama
Participante 1136;186.188.228.2;Panama
Participante 1137;186.188.228.2;Panama
Participante 1138;187.147.53.16;Mexico
Participante 1139;186.188.228.2;Panama
Participante 1140;186.188.228.2;Panama
Participante 1141;186.72.168.141;Panama
Participante 1142;186.188.228.2;Panama
Participante 1143;179.6.32.95;Peru
Participante 1144;186.188.228.2;Panama
Participante 1145;186.188.228.2;Panama
Participante 1146;186.188.228.2;Panama
Participante 1147;186.188.228.2;Panama
Participante 1148;181.63.22.217;Colombia
Participante 1149;186.188.228.2;Panama
Participante 1150;186.188.228.2;Panama
Participante 1151;12.206.84.79;United States
Participante 1152;186.188.228.2;Panama
Participante 1153;186.188.228.2;Panama
Participante 1154;186.188.228.2;Panama
Participante 1155;186.188.228.2;Panama
Participante 1156;190.22.137.212;Chile
Participante 1157;190.141.246.98;Panama
Participante 1158;186.188.228.2;Panama
Participante 1159;201.224.79.118;Panama
Participante 1160;190.140.128.4;Panama
Participante 1161;186.188.228.2;Panama
Participante 1162;186.188.228.2;Panama
Participante 1163;181.141.211.251;Colombia
Participante 1164;186.188.228.2;Panama
Participante 1165;200.46.139.234;Panama
Participante 1166;179.6.193.16;Peru
Participante 1167;190.141.10.133;Panama
Participante 1168;189.217.1.49;Mexico
Participante 1169;186.188.228.2;Panama
Participante 1170;186.188.228.2;Panama
Participante 1171;181.209.150.165;Guatemala
Participante 1172;186.188.228.2;Panama
Participante 1173;186.188.228.2;Panama
Participante 1174;186.188.228.2;Panama
Participante 1175;186.188.228.2;Panama
Participante 1176;181.197.55.161;Panama
Participante 1177;190.34.137.146;Panama
Participante 1178;186.188.228.2;Panama
Participante 1179;186.188.228.2;Panama
Participante 1180;181.64.18.92;Peru
Participante 1181;201.218.207.82;Panama
Participante 1182;186.188.228.2;Panama
Participante 1183;181.64.231.117;Peru
Participante 1184;186.188.228.2;Panama
Participante 1185;186.154.124.90;Colombia
Participante 1186;186.74.190.124;Panama
Participante 1187;190.140.0.209;Panama
Participante 1188;186.188.228.2;Panama
Participante 1189;186.188.228.2;Panama
Participante 1190;190.219.19.171;Panama
Participante 1191;186.188.228.2;Panama
Participante 1192;186.188.228.2;Panama
Participante 1193;186.188.228.2;Panama
Participante 1194;186.188.228.2;Panama
Participante 1195;186.143.133.79;Argentina
Participante 1196;186.188.228.2;Panama
Participante 1197;186.188.228.2;Panama
Participante 1198;200.119.209.42;Bolivia
Participante 1199;186.188.228.2;Panama
Participante 1200;186.188.228.2;Panama
Participante 1201;186.75.6.237;Panama
Participante 1202;190.218.37.142;Panama
Participante 1203;186.73.209.167;Panama
Participante 1204;161.10.81.201;Colombia
Participante 1205;186.188.228.2;Panama
Participante 1206;186.188.228.2;Panama
Participante 1207;186.188.228.2;Panama
Participante 1208;186.188.228.2;Panama
Participante 1209;185.255.105.40;Spain
Participante 1210;201.218.76.24;Panama
Participante 1211;186.188.228.2;Panama
Participante 1212;186.188.228.2;Panama
Participante 1213;186.188.228.2;Panama
Participante 1214;190.167.123.252;Dominican Republic
Participante 1215;201.227.59.192;Panama
Participante 1216;186.188.171.170;Panama
Participante 1217;186.84.20.233;Colombia
Participante 1218;186.84.21.127;Colombia
Participante 1219;190.5.252.97;Panama
Participante 1220;181.199.123.47;Ecuador
Participante 1221;186.75.134.228;Panama
Participante 1222;186.188.228.2;Panama
Participante 1223;191.92.161.192;Colombia
Participante 1224;186.188.228.2;Panama
Participante 1225;186.188.228.2;Panama
Participante 1226;181.197.52.8;Panama
Participante 1227;186.6.115.70;Dominican Republic
Participante 1228;186.188.228.2;Panama
Participante 1229;186.188.228.2;Panama
Participante 1230;186.96.107.218;Colombia
Participante 1231;191.95.52.225;Colombia
Participante 1232;186.188.228.2;Panama
Participante 1233;186.188.228.2;Panama
Participante 1234;186.188.228.2;Panama
Participante 1235;186.188.228.2;Panama
Participante 1236;186.188.228.2;Panama
Participante 1237;186.188.228.2;Panama
Participante 1238;187.190.193.227;Mexico
Participante 1239;190.217.9.138;Venezuela
Participante 1240;186.188.228.2;Panama
Participante 1241;186.188.228.2;Panama
Participante 1242;181.197.153.93;Panama
Participante 1243;190.92.3.5;Honduras
Participante 1244;186.188.228.2;Panama
Participante 1245;190.242.40.194;Colombia
Participante 1246;187.189.35.46;Mexico
Participante 1247;186.188.228.2;Panama
Participante 1248;186.188.228.2;Panama
Participante 1249;186.188.228.2;Panama
Participante 1250;190.57.46.112;Panama
Participante 1251;186.188.228.2;Panama
Participante 1252;181.36.154.223;Dominican Republic
Participante 1253;186.188.228.2;Panama
Participante 1254;181.197.1.206;Panama
Participante 1255;181.26.35.55;Argentina
Participante 1256;186.188.228.2;Panama
Participante 1257;186.188.228.2;Panama
Participante 1258;190.34.228.169;Panama
Participante 1259;190.234.57.118;Peru
Participante 1260;186.188.228.2;Panama
Participante 1261;186.188.228.2;Panama
Participante 1262;186.188.228.2;Panama
Participante 1263;186.188.228.2;Panama
Participante 1264;201.218.207.82;Panama
Participante 1265;186.188.228.2;Panama
Participante 1266;186.188.228.2;Panama
Participante 1267;200.68.129.164;Mexico
Participante 1268;186.188.228.2;Panama
Participante 1269;190.251.205.186;Colombia
Participante 1270;201.227.10.77;Panama
Participante 1271;190.219.212.36;Panama
Participante 1272;201.227.226.145;Panama
Participante 1273;190.141.128.218;Panama
Participante 1274;190.218.63.157;Panama
Participante 1275;181.55.17.251;Colombia
Participante 1276;181.197.184.207;Panama
Participante 1277;186.188.228.2;Panama
Participante 1278;186.188.228.2;Panama
Participante 1279;186.188.228.2;Panama
Participante 1280;152.231.32.115;Nicaragua
Participante 1281;186.188.228.2;Panama
Participante 1282;190.219.199.43;Panama
Participante 1283;186.188.228.2;Panama
Participante 1284;186.188.228.2;Panama
Participante 1285;186.188.228.2;Panama
Participante 1286;212.128.135.49;Spain
Participante 1287;186.139.162.117;Argentina
Participante 1288;186.188.228.2;Panama
Participante 1289;186.188.228.2;Panama
Participante 1290;186.74.50.233;Panama
Participante 1291;200.108.59.227;Panama
Participante 1292;201.103.210.11;Mexico
Participante 1293;200.68.186.204;Mexico
Participante 1294;186.188.228.2;Panama
Participante 1295;186.188.228.2;Panama
Participante 1296;191.156.144.89;Colombia
Participante 1297;201.242.232.25;Venezuela
Participante 1298;186.188.228.2;Panama
Participante 1299;190.218.83.251;Panama
Participante 1300;190.219.179.145;Panama
Participante 1301;190.140.39.33;Panama
Participante 1302;186.188.228.2;Panama
Participante 1303;186.188.228.2;Panama
Participante 1304;190.140.156.108;Panama
Participante 1305;190.219.216.35;Panama
Participante 1306;186.188.228.2;Panama
Participante 1307;201.131.45.124;Bolivia
Participante 1308;177.222.62.192;Bolivia
Participante 1309;190.141.144.28;Panama
Participante 1310;186.188.228.2;Panama
Participante 1311;186.188.228.2;Panama
Participante 1312;186.188.228.2;Panama
Participante 1313;179.49.13.165;Ecuador
Participante 1314;186.188.228.2;Panama
Participante 1315;186.188.228.2;Panama
Participante 1316;190.140.227.132;Panama
Participante 1317;186.188.228.2;Panama
Participante 1318;186.188.228.2;Panama
Participante 1319;190.194.64.87;Argentina
Participante 1320;181.197.146.105;Panama
Participante 1321;200.68.186.60;Mexico
Participante 1322;181.229.80.158;Argentina
Participante 1323;186.188.228.2;Panama
Participante 1324;190.218.212.134;Panama
Participante 1325;186.188.228.2;Panama
Participante 1326;186.188.228.2;Panama
Participante 1327;186.188.228.2;Panama
Participante 1328;208.96.134.62;Nicaragua
Participante 1329;186.72.1.166;Panama
Participante 1330;190.141.228.54;Panama
Participante 1331;201.218.207.82;Panama
Participante 1332;186.188.228.2;Panama
Participante 1333;190.141.50.79;Panama
Participante 1334;186.188.228.2;Panama
Participante 1335;186.73.182.216;Panama
Participante 1336;186.188.228.2;Panama
Participante 1337;191.156.49.111;Colombia
Participante 1338;186.188.228.2;Panama
Participante 1339;201.224.154.224;Panama
Participante 1340;186.188.228.2;Panama
Participante 1341;186.188.228.2;Panama
Participante 1342;186.188.228.2;Panama
Participante 1343;186.72.53.235;Panama
Participante 1344;186.188.228.2;Panama
Participante 1345;161.69.112.11;United States
Participante 1346;186.179.123.192;Panama
Participante 1347;190.141.38.197;Panama
Participante 1348;186.188.228.2;Panama
Participante 1349;213.143.51.227;Spain
Participante 1350;186.73.173.58;Panama
Participante 1351;186.188.228.2;Panama
Participante 1352;186.188.228.2;Panama
Participante 1353;190.33.40.110;Panama
Participante 1354;201.227.226.140;Panama
Participante 1355;186.185.66.229;Venezuela
Participante 1356;201.224.1.21;Panama
Participante 1357;186.188.228.2;Panama
Participante 1358;186.77.136.235;Nicaragua
Participante 1359;190.34.106.211;Panama
Participante 1360;201.227.226.149;Panama
Participante 1361;201.192.161.187;Costa Rica
Participante 1362;190.218.156.71;Panama
Participante 1363;186.188.228.2;Panama
Participante 1364;186.188.228.2;Panama
Participante 1365;201.227.226.144;Panama
Participante 1366;190.218.189.180;Panama
Participante 1367;186.188.228.2;Panama
Participante 1368;190.66.144.2;Colombia
Participante 1369;186.188.228.2;Panama
Participante 1370;217.138.222.196;Ireland
Participante 1371;201.218.207.82;Panama
Participante 1372;181.214.159.196;Panama
Participante 1373;179.38.116.74;Argentina
Participante 1374;190.218.178.161;Panama
Participante 1375;181.197.182.187;Panama
Participante 1376;186.188.228.2;Panama
Participante 1377;190.140.58.211;Panama
Participante 1378;138.186.15.20;Panama
Participante 1379;190.141.102.116;Panama
Participante 1380;190.61.124.69;Panama
Participante 1381;190.219.48.65;Panama
Participante 1382;190.219.48.65;Panama
Participante 1383;186.188.228.2;Panama
Participante 1384;181.131.133.141;Colombia
Participante 1385;186.148.97.9;Panama
Participante 1386;201.227.226.145;Panama
Participante 1387;201.218.207.82;Panama
Participante 1388;186.188.228.2;Panama
Participante 1389;186.86.52.192;Colombia
Participante 1390;200.46.82.197;Panama
Participante 1391;190.218.82.58;Panama
Participante 1392;190.218.80.217;Panama
Participante 1393;186.188.228.2;Panama
Participante 1394;190.57.47.208;Panama
Participante 1395;186.188.133.251;Panama
Participante 1396;179.25.183.29;Uruguay
Participante 1397;186.188.228.2;Panama
Participante 1398;190.102.56.155;Panama
Participante 1399;186.188.214.75;Panama
Participante 1400;201.218.203.170;Panama
Participante 1401;190.140.211.103;Panama
Participante 1402;186.188.228.2;Panama
Participante 1403;190.140.114.153;Panama
Participante 1404;186.188.228.2;Panama
Participante 1405;190.218.156.25;Panama
Participante 1406;186.188.228.2;Panama
Participante 1407;186.188.228.2;Panama
Participante 1408;190.219.137.102;Panama
Participante 1409;186.188.228.2;Panama
Participante 1410;186.188.228.2;Panama
Participante 1411;186.188.228.2;Panama
Participante 1412;186.188.228.2;Panama
Participante 1413;190.218.35.206;Panama
Participante 1414;186.188.228.2;Panama
Participante 1415;186.188.228.2;Panama
Participante 1416;186.74.111.121;Panama
Participante 1417;186.188.228.2;Panama
Participante 1418;190.218.177.154;Panama
Participante 1419;186.188.228.2;Panama
Participante 1420;186.188.228.2;Panama
Participante 1421;186.188.228.2;Panama
Participante 1422;186.188.228.2;Panama
Participante 1423;190.141.210.27;Panama
Participante 1424;190.5.240.178;Panama
Participante 1425;201.227.226.139;Panama
Participante 1426;186.188.146.129;Panama
Participante 1427;186.188.228.2;Panama
Participante 1428;75.26.9.106;United States
Participante 1429;181.65.1.169;Peru
Participante 1430;190.102.56.144;Panama
Participante 1431;186.188.228.2;Panama
Participante 1432;186.188.228.2;Panama
Participante 1433;179.48.249.141;Costa Rica
Participante 1434;186.188.228.2;Panama
Participante 1435;186.188.228.2;Panama
Participante 1436;190.219.3.129;Panama
Participante 1437;186.104.222.192;Chile
